Objective,Total_Cost,Fixed_Cost,Travel_Cost,Penalty_Unserved,Penalty_MaxDist,Penalty_VehCap,Penalty_DepotCap,Penalty_Spread,Penalty_Kd,Num_Unserved
167003780467.318756,167003780467.318756,8185.350000,401.268300,167003771880.700470,0.000000,0.000000,0.000000,0.000000,1.000000,1670
