Objective,Total_Cost,Fixed_Cost,Travel_Cost,Penalty_Unserved,Penalty_MaxDist,Penalty_VehCap,Penalty_DepotCap,Penalty_Spread,Penalty_Kd,Num_Unserved
166803775634.627075,166803775634.627075,8240.650000,403.176614,166803766990.800476,0.000000,0.000000,0.000000,0.000000,0.000000,1668
